[{
	"id": 1,
	"title": "2 Tank boat dive",
	"price": "95.0",
	"description": null,
	"created_at": "2016-12-25T03:14:09.596Z",
	"updated_at": "2018-01-03T02:47:50.196Z"
}, {
	"id": 7,
	"title": "Bubble watcher",
	"price": "30.0",
	"description": null,
	"created_at": "2016-12-25T03:14:09.623Z",
	"updated_at": "2018-06-30T03:39:58.517Z"
}, {
	"id": 12,
	"title": "Snorkeling",
	"price": "65.0",
	"description": null,
	"created_at": "2018-06-30T03:44:58.612Z",
	"updated_at": "2018-06-30T03:44:58.612Z"
}, {
	"id": 11,
	"title": "Bull Sharks (Seasonal)",
	"price": null,
	"description": null,
	"created_at": "2017-01-29T23:42:36.028Z",
	"updated_at": "2017-01-29T23:42:36.028Z"
}, {
	"id": 3,
	"title": "3 Tank boat dives",
	"price": "130.0",
	"description": null,
	"created_at": "2016-12-25T03:14:09.609Z",
	"updated_at": "2017-03-08T04:15:26.576Z"
}, {
	"id": 5,
	"title": "Beach 1 tank",
	"price": "45.0",
	"description": null,
	"created_at": "2016-12-25T03:14:09.617Z",
	"updated_at": "2017-03-08T04:15:26.598Z"
}, {
	"id": 8,
	"title": "Private Charter (Maximum 6 Divers)",
	"price": "480.0",
	"description": null,
	"created_at": "2016-12-25T03:14:09.626Z",
	"updated_at": "2017-03-08T04:15:26.608Z"
}, {
	"id": 6,
	"title": "Night dive",
	"price": "65.0",
	"description": null,
	"created_at": "2016-12-25T03:14:09.620Z",
	"updated_at": "2017-03-08T04:15:26.617Z"
}, {
	"id": 9,
	"title": "Private dive master",
	"price": "50.0",
	"description": null,
	"created_at": "2016-12-25T03:14:09.630Z",
	"updated_at": "2017-03-08T04:15:26.621Z"
}, {
	"id": 10,
	"title": "Snorkeling with whale sharks (Seasonal)",
	"price": null,
	"description": null,
	"created_at": "2016-12-25T03:14:09.633Z",
	"updated_at": "2017-03-08T04:15:26.627Z"
}]
